,,2021-05-07,2021-05-10,2021-05-11,2021-05-12,2021-05-13,2021-05-14,2021-05-17,2021-05-18,2021-05-19,2021-05-20
Adj Close,A,133.89999389648438,131.8699951171875,131.4199981689453,128.63999938964844,130.02000427246094,131.14999389648438,130.11000061035156,128.75,130.2100067138672,132.14999389648438
Adj Close,AAL,22.0,22.0,21.56999969482422,20.760000228881836,21.209999084472656,22.399999618530273,23.350000381469727,23.559999465942383,22.969999313354492,22.600000381469727
Adj Close,AAP,204.47000122070312,208.58999633789062,204.2100067138672,201.7899932861328,204.5,202.80999755859375,204.5800018310547,200.0399932861328,194.5800018310547,196.9499969482422
Adj Close,ABBV,115.75,116.22000122070312,114.88999938964844,114.95999908447266,116.5999984741211,116.43000030517578,116.88999938964844,117.20999908447266,115.8499984741211,117.11000061035156
Adj Close,ABMD,296.80999755859375,282.7200012207031,280.29998779296875,272.25,262.7099914550781,268.55999755859375,267.95001220703125,272.9700012207031,273.9800109863281,276.3900146484375
Adj Close,ABT,118.94999694824219,118.94000244140625,118.38999938964844,116.3499984741211,117.44999694824219,118.30999755859375,116.73999786376953,116.9800033569336,116.37999725341797,117.80000305175781
Adj Close,ACN,291.5299987792969,290.6099853515625,287.95001220703125,279.3900146484375,285.32000732421875,288.20001220703125,287.0,283.010009765625,280.9700012207031,283.95001220703125
Adj Close,ADBE,488.7300109863281,479.3800048828125,485.19000244140625,472.0899963378906,474.1600036621094,486.55999755859375,482.739990234375,480.6199951171875,480.4700012207031,491.6700134277344
Adj Close,AEE,84.9800033569336,85.83999633789062,83.38999938964844,82.43000030517578,83.51000213623047,83.69999694824219,83.4000015258789,83.93000030517578,84.20999908447266,84.5
Adj Close,AEP,87.19000244140625,87.55999755859375,86.41000366210938,84.9800033569336,86.5199966430664,86.76000213623047,85.44999694824219,85.75,85.91999816894531,86.26000213623047
Adj Close,AES,25.790000915527344,25.729999542236328,25.34000015258789,24.6200008392334,24.440000534057617,25.3700008392334,25.170000076293945,24.889999389648438,24.940000534057617,25.350000381469727
Adj Close,AFL,55.78181457519531,56.19935607910156,54.89701843261719,54.13152313232422,55.17538070678711,56.129764556884766,56.089996337890625,55.90999984741211,55.7599983215332,55.650001525878906
Adj Close,AKAM,110.80999755859375,111.2300033569336,111.16999816894531,111.30000305175781,111.04000091552734,113.16000366210938,113.48999786376953,112.73999786376953,112.94000244140625,113.47000122070312
Adj Close,ALB,162.72000122070312,159.47999572753906,160.5,154.60000610351562,157.69000244140625,163.80999755859375,157.7899932861328,159.35000610351562,,157.99000549316406
Adj Close,ALGN,598.3400268554688,554.5,566.260009765625,548.6400146484375,553.6199951171875,569.0399780273438,559.52001953125,569.5,571.489990234375,587.9000244140625
Adj Close,ALK,67.9000015258789,67.08999633789062,65.54000091552734,64.7699966430664,67.16000366210938,69.83999633789062,71.66999816894531,70.29000091552734,69.33000183105469,68.43000030517578
Adj Close,ALL,132.25999450683594,134.49000549316406,134.1300048828125,132.75,137.52000427246094,139.25999450683594,139.02000427246094,137.1300048828125,,136.08999633789062
Adj Close,ALLE,141.25,142.5500030517578,139.74000549316406,135.38999938964844,139.2100067138672,140.25,138.92999267578125,137.19000244140625,137.66000366210938,137.6300048828125
Adj Close,ALXN,170.42999267578125,171.80999755859375,171.41000366210938,171.99000549316406,173.3300018310547,173.49000549316406,174.75,174.8699951171875,175.47000122070312,178.36000061035156
Adj Close,AMCR,12.449999809265137,12.449999809265137,12.399999618530273,12.149999618530273,12.380000114440918,12.369999885559082,12.289999961853027,12.1899995803833,12.010000228881836,11.989999771118164
Adj Close,AMD,78.80999755859375,75.98999786376953,76.83000183105469,74.63999938964844,73.08999633789062,74.58999633789062,74.6500015258789,74.44000244140625,76.2300033569336,78.05999755859375
Adj Close,AMZN,3291.610107421875,3190.489990234375,3223.909912109375,3151.93994140625,3161.469970703125,3222.89990234375,3270.389892578125,3232.280029296875,3231.800048828125,3247.679931640625
Adj Close,APD,290.54998779296875,293.5299987792969,300.739990234375,293.1600036621094,299.7799987792969,301.04998779296875,301.6499938964844,299.6300048828125,298.2699890136719,297.05999755859375
Adj Close,ARE,178.13999938964844,179.13999938964844,177.0500030517578,172.5,172.77999877929688,173.8300018310547,172.85000610351562,173.6300048828125,173.0800018310547,175.13999938964844
Adj Close,ATVI,94.80000305175781,93.16999816894531,95.33999633789062,92.66000366210938,93.41999816894531,93.3499984741211,92.30000305175781,93.66000366210938,94.26000213623047,96.56999969482422
Adj Close,GOOG,2398.68994140625,2341.659912109375,2308.760009765625,2239.080078125,2261.969970703125,2316.159912109375,2321.409912109375,2303.429931640625,2308.7099609375,2356.090087890625
Adj Close,GOOGL,2351.929931640625,2291.75,2270.06005859375,2200.25,2229.0400390625,2278.3798828125,2288.919921875,2262.469970703125,2271.5,2306.949951171875
Adj Close,LNT,56.7400016784668,57.95000076293945,56.970001220703125,55.810001373291016,56.880001068115234,56.7599983215332,56.47999954223633,57.599998474121094,57.70000076293945,57.7599983215332
Adj Close,MMM,203.07000732421875,207.3300018310547,203.72000122070312,198.8699951171875,203.41000366210938,204.3800048828125,205.11000061035156,203.02999877929688,202.60000610351562,201.64999389648438
Adj Close,MO,49.95000076293945,50.68000030517578,50.43000030517578,49.349998474121094,50.119998931884766,50.279998779296875,50.209999084472656,49.9900016784668,49.439998626708984,50.029998779296875
Close,A,133.89999389648438,131.8699951171875,131.4199981689453,128.63999938964844,130.02000427246094,131.14999389648438,130.11000061035156,128.75,130.2100067138672,132.14999389648438
Close,AAL,22.0,22.0,21.56999969482422,20.760000228881836,21.209999084472656,22.399999618530273,23.350000381469727,23.559999465942383,22.969999313354492,22.600000381469727
Close,AAP,204.47000122070312,208.58999633789062,204.2100067138672,201.7899932861328,204.5,202.80999755859375,204.5800018310547,200.0399932861328,194.5800018310547,196.9499969482422
Close,ABBV,115.75,116.22000122070312,114.88999938964844,114.95999908447266,116.5999984741211,116.43000030517578,116.88999938964844,117.20999908447266,115.8499984741211,117.11000061035156
Close,ABMD,296.80999755859375,282.7200012207031,280.29998779296875,272.25,262.7099914550781,268.55999755859375,267.95001220703125,272.9700012207031,273.9800109863281,276.3900146484375
Close,ABT,118.94999694824219,118.94000244140625,118.38999938964844,116.3499984741211,117.44999694824219,118.30999755859375,116.73999786376953,116.9800033569336,116.37999725341797,117.80000305175781
Close,ACN,291.5299987792969,290.6099853515625,287.95001220703125,279.3900146484375,285.32000732421875,288.20001220703125,287.0,283.010009765625,280.9700012207031,283.95001220703125
Close,ADBE,488.7300109863281,479.3800048828125,485.19000244140625,472.0899963378906,474.1600036621094,486.55999755859375,482.739990234375,480.6199951171875,480.4700012207031,491.6700134277344
Close,AEE,84.9800033569336,85.83999633789062,83.38999938964844,82.43000030517578,83.51000213623047,83.69999694824219,83.4000015258789,83.93000030517578,84.20999908447266,84.5
Close,AEP,87.19000244140625,87.55999755859375,86.41000366210938,84.9800033569336,86.5199966430664,86.76000213623047,85.44999694824219,85.75,85.91999816894531,86.26000213623047
Close,AES,25.790000915527344,25.729999542236328,25.34000015258789,24.6200008392334,24.440000534057617,25.3700008392334,25.170000076293945,24.889999389648438,24.940000534057617,25.350000381469727
Close,AFL,56.11000061035156,56.529998779296875,55.220001220703125,54.45000076293945,55.5,56.459999084472656,56.41999816894531,55.90999984741211,55.7599983215332,55.650001525878906
Close,AKAM,110.80999755859375,111.2300033569336,111.16999816894531,111.30000305175781,111.04000091552734,113.16000366210938,113.48999786376953,112.73999786376953,112.94000244140625,113.47000122070312
Close,ALB,162.72000122070312,159.47999572753906,160.5,154.60000610351562,157.69000244140625,163.80999755859375,157.7899932861328,159.35000610351562,,157.99000549316406
Close,ALGN,598.3400268554688,554.5,566.260009765625,548.6400146484375,553.6199951171875,569.0399780273438,559.52001953125,569.5,571.489990234375,587.9000244140625
Close,ALK,67.9000015258789,67.08999633789062,65.54000091552734,64.7699966430664,67.16000366210938,69.83999633789062,71.66999816894531,70.29000091552734,69.33000183105469,68.43000030517578
Close,ALL,132.25999450683594,134.49000549316406,134.1300048828125,132.75,137.52000427246094,139.25999450683594,139.02000427246094,137.1300048828125,,136.08999633789062
Close,ALLE,141.25,142.5500030517578,139.74000549316406,135.38999938964844,139.2100067138672,140.25,138.92999267578125,137.19000244140625,137.66000366210938,137.6300048828125
Close,ALXN,170.42999267578125,171.80999755859375,171.41000366210938,171.99000549316406,173.3300018310547,173.49000549316406,174.75,174.8699951171875,175.47000122070312,178.36000061035156
Close,AMCR,12.449999809265137,12.449999809265137,12.399999618530273,12.149999618530273,12.380000114440918,12.369999885559082,12.289999961853027,12.1899995803833,12.010000228881836,11.989999771118164
Close,AMD,78.80999755859375,75.98999786376953,76.83000183105469,74.63999938964844,73.08999633789062,74.58999633789062,74.6500015258789,74.44000244140625,76.2300033569336,78.05999755859375
Close,AMZN,3291.610107421875,3190.489990234375,3223.909912109375,3151.93994140625,3161.469970703125,3222.89990234375,3270.389892578125,3232.280029296875,3231.800048828125,3247.679931640625
Close,APD,290.54998779296875,293.5299987792969,300.739990234375,293.1600036621094,299.7799987792969,301.04998779296875,301.6499938964844,299.6300048828125,298.2699890136719,297.05999755859375
Close,ARE,178.13999938964844,179.13999938964844,177.0500030517578,172.5,172.77999877929688,173.8300018310547,172.85000610351562,173.6300048828125,173.0800018310547,175.13999938964844
Close,ATVI,94.80000305175781,93.16999816894531,95.33999633789062,92.66000366210938,93.41999816894531,93.3499984741211,92.30000305175781,93.66000366210938,94.26000213623047,96.56999969482422
Close,GOOG,2398.68994140625,2341.659912109375,2308.760009765625,2239.080078125,2261.969970703125,2316.159912109375,2321.409912109375,2303.429931640625,2308.7099609375,2356.090087890625
Close,GOOGL,2351.929931640625,2291.75,2270.06005859375,2200.25,2229.0400390625,2278.3798828125,2288.919921875,2262.469970703125,2271.5,2306.949951171875
Close,LNT,56.7400016784668,57.95000076293945,56.970001220703125,55.810001373291016,56.880001068115234,56.7599983215332,56.47999954223633,57.599998474121094,57.70000076293945,57.7599983215332
Close,MMM,203.07000732421875,207.3300018310547,203.72000122070312,198.8699951171875,203.41000366210938,204.3800048828125,205.11000061035156,203.02999877929688,202.60000610351562,201.64999389648438
Close,MO,49.95000076293945,50.68000030517578,50.43000030517578,49.349998474121094,50.119998931884766,50.279998779296875,50.209999084472656,49.9900016784668,49.439998626708984,50.029998779296875
High,A,134.82000732421875,133.92999267578125,131.83999633789062,131.1699981689453,130.75999450683594,131.69000244140625,131.0500030517578,129.9499969482422,130.27999877929688,132.7899932861328
High,AAL,22.190000534057617,22.540000915527344,21.700000762939453,21.690000534057617,21.420000076293945,22.479999542236328,23.399999618530273,23.940000534057617,23.270000457763672,23.149999618530273
High,AAP,204.97999572753906,210.17999267578125,207.94000244140625,205.91000366210938,205.00999450683594,206.4600067138672,204.75999450683594,204.8300018310547,199.66000366210938,197.97000122070312
High,ABBV,116.93000030517578,117.19999694824219,116.56999969482422,116.0,117.19999694824219,117.58999633789062,117.70999908447266,117.9000015258789,116.5,117.33999633789062
High,ABMD,303.8599853515625,297.0,282.2900085449219,280.8299865722656,274.75,272.9200134277344,269.2200012207031,277.4700012207031,274.9200134277344,279.9849853515625
High,ABT,120.41999816894531,119.94999694824219,119.26000213623047,117.5999984741211,118.02999877929688,118.81999969482422,118.3499984741211,118.0,116.43000030517578,117.97000122070312
High,ACN,294.0899963378906,294.1000061035156,288.4599914550781,285.30999755859375,287.25,294.5,288.54998779296875,286.70001220703125,281.07000732421875,285.1199951171875
High,ADBE,499.1499938964844,489.0400085449219,486.9100036621094,480.989990234375,480.4599914550781,488.3299865722656,487.8699951171875,488.32000732421875,480.8699951171875,495.30999755859375
High,AEE,86.0,86.77999877929688,86.06999969482422,83.88999938964844,83.83000183105469,84.7300033569336,84.41000366210938,84.2699966430664,84.30999755859375,85.19000244140625
High,AEP,88.05000305175781,88.30999755859375,88.0999984741211,86.62999725341797,87.11000061035156,87.45999908447266,86.9000015258789,86.06999969482422,86.08000183105469,86.97000122070312
High,AES,26.0,26.15999984741211,25.459999084472656,25.530000686645508,25.040000915527344,25.700000762939453,25.43000030517578,25.260000228881836,24.969999313354492,25.56999969482422
High,AFL,56.16999816894531,57.349998474121094,56.34000015258789,55.66999816894531,55.790000915527344,56.56999969482422,56.56999969482422,56.599998474121094,56.04999923706055,55.91999816894531
High,AKAM,110.98999786376953,112.41999816894531,111.94999694824219,112.2699966430664,112.29000091552734,113.58000183105469,114.45999908447266,114.05999755859375,113.1500015258789,114.78500366210938
High,ALB,163.1300048828125,165.13999938964844,160.89999389648438,159.5,160.72000122070312,164.99000549316406,163.80999755859375,161.89999389648438,,158.3000030517578
High,ALGN,604.0,596.1599731445312,570.1199951171875,557.5800170898438,559.9500122070312,572.5,567.530029296875,582.7100219726562,572.3099975585938,590.530029296875
High,ALK,68.56999969482422,68.52999877929688,66.05000305175781,66.48999786376953,67.66000366210938,70.25,71.87000274658203,72.91999816894531,69.7699966430664,69.44999694824219
High,ALL,132.82000732421875,136.17999267578125,135.0,135.7100067138672,138.0800018310547,139.8800048828125,139.72000122070312,138.86000061035156,,136.72999572753906
High,ALLE,142.1999969482422,144.75999450683594,142.02999877929688,139.64999389648438,139.99000549316406,141.42999267578125,140.27999877929688,139.39999389648438,137.99000549316406,138.67999267578125
High,ALXN,171.14999389648438,172.58999633789062,171.80999755859375,173.24000549316406,173.86000061035156,174.14999389648438,175.0800018310547,175.72999572753906,175.72000122070312,179.1199951171875
High,AMCR,12.520000457763672,12.760000228881836,12.539999961853027,12.449999809265137,12.460000038146973,12.470000267028809,12.40999984741211,12.34000015258789,12.149999618530273,12.085000038146973
High,AMD,79.56999969482422,78.30000305175781,76.93000030517578,76.12999725341797,75.69999694824219,75.02999877929688,75.5199966430664,75.7699966430664,76.97000122070312,78.2699966430664
High,AMZN,3330.889892578125,3283.0,3238.0,3207.93994140625,3203.840087890625,3228.860107421875,3292.75,3312.0,3234.75,3259.679931640625
High,APD,295.32000732421875,302.8500061035156,300.989990234375,299.5899963378906,300.3500061035156,303.2799987792969,303.32000732421875,302.7300109863281,299.3599853515625,300.0924987792969
High,ARE,179.0,181.77000427246094,178.6999969482422,176.55999755859375,174.50999450683594,174.58999633789062,175.6999969482422,174.42999267578125,173.36000061035156,175.55999755859375
High,ATVI,95.12000274658203,95.73999786376953,95.7699966430664,94.80000305175781,94.05000305175781,94.4000015258789,93.08000183105469,95.3499984741211,94.41999816894531,97.2300033569336
High,GOOG,2416.409912109375,2378.0,2322.0,2285.3701171875,2276.60107421875,2321.139892578125,2323.340087890625,2343.14990234375,2316.760009765625,2360.340087890625
High,GOOGL,2371.25,2331.0,2280.280029296875,2247.97998046875,2239.43994140625,2284.719970703125,2289.780029296875,2307.679931640625,2274.989990234375,2312.0
High,LNT,57.0,58.18000030517578,58.189998626708984,56.959999084472656,57.16999816894531,57.540000915527344,57.25,58.040000915527344,57.779998779296875,58.2400016784668
High,MMM,203.8699951171875,208.9499969482422,206.91000366210938,203.6999969482422,204.0399932861328,205.1199951171875,205.35000610351562,205.17999267578125,202.6999969482422,202.19000244140625
High,MO,50.08000183105469,51.13999938964844,50.83000183105469,50.720001220703125,50.43000030517578,50.7599983215332,50.560001373291016,50.18000030517578,49.689998626708984,50.220001220703125
Low,A,133.19000244140625,131.75999450683594,129.3000030517578,128.47000122070312,129.25999450683594,130.4499969482422,129.91000366210938,128.67999267578125,127.12999725341797,130.61000061035156
Low,AAL,21.270000457763672,21.959999084472656,20.90999984741211,20.690000534057617,20.6200008392334,21.43000030517578,22.100000381469727,23.079999923706055,22.6200008392334,22.29319953918457
Low,AAP,202.8800048828125,204.80999755859375,201.8300018310547,201.27000427246094,199.6300048828125,201.13999938964844,202.00999450683594,199.99000549316406,191.6699981689453,193.13999938964844
Low,ABBV,114.95999908447266,115.97000122070312,114.37999725341797,114.44000244140625,115.01000213623047,116.37999725341797,116.55999755859375,115.31999969482422,114.37999725341797,115.12000274658203
Low,ABMD,296.3500061035156,282.1499938964844,276.010009765625,271.6400146484375,262.5899963378906,261.2699890136719,263.92999267578125,265.4100036621094,266.79998779296875,274.8500061035156
Low,ABT,118.76000213623047,118.75,117.95999908447266,116.25,116.66999816894531,117.33000183105469,116.66999816894531,116.72000122070312,115.16000366210938,116.41000366210938
Low,ACN,291.0400085449219,290.19000244140625,284.57000732421875,279.1400146484375,281.1199951171875,286.6199951171875,286.1000061035156,282.82000732421875,276.8800048828125,281.57501220703125
Low,ADBE,485.7799987792969,478.6300048828125,468.5,469.57000732421875,471.760009765625,478.69000244140625,478.1099853515625,480.4599914550781,472.0,482.9385070800781
Low,AEE,84.80999755859375,85.16000366210938,82.51000213623047,82.30999755859375,82.0999984741211,83.62999725341797,83.30000305175781,83.08999633789062,83.18000030517578,84.30000305175781
Low,AEP,86.88999938964844,87.30999755859375,85.83000183105469,84.8499984741211,84.69999694824219,86.62000274658203,85.1500015258789,85.1500015258789,84.77999877929688,85.80000305175781
Low,AES,24.93000030517578,25.25,24.90999984741211,24.559999465942383,24.1299991607666,24.649999618530273,24.8700008392334,24.860000610351562,24.34000015258789,24.945499420166016
Low,AFL,55.29999923706055,56.029998779296875,55.08000183105469,54.400001525878906,54.11000061035156,55.470001220703125,55.939998626708984,55.84000015258789,54.93000030517578,55.220001220703125
Low,AKAM,109.44999694824219,110.05999755859375,108.91000366210938,109.79000091552734,110.58999633789062,111.5,112.26000213623047,112.66000366210938,110.73999786376953,113.2300033569336
Low,ALB,154.0,159.19000244140625,153.67999267578125,154.08999633789062,155.25,158.86000061035156,155.49000549316406,156.9199981689453,,154.5
Low,ALGN,586.0800170898438,551.280029296875,536.22998046875,547.510009765625,546.02001953125,555.97998046875,554.969970703125,565.510009765625,551.010009765625,574.1900024414062
Low,ALK,66.5,67.02999877929688,63.63999938964844,64.55000305175781,65.25,68.08000183105469,68.52999877929688,70.29000091552734,67.9000015258789,67.52999877929688
Low,ALL,128.57000732421875,133.0,132.60000610351562,132.63999938964844,131.6199951171875,137.05999755859375,138.05999755859375,136.94000244140625,,134.3000030517578
Low,ALLE,139.89999389648438,141.9600067138672,139.07000732421875,134.9199981689453,135.58999633789062,139.5,138.6199951171875,137.11000061035156,135.38999938964844,137.19000244140625
Low,ALXN,169.72999572753906,171.17999267578125,169.94000244140625,171.8000030517578,171.85000610351562,173.4499969482422,173.77999877929688,174.8699951171875,174.61000061035156,176.11000061035156
Low,AMCR,12.3100004196167,12.449999809265137,12.3100004196167,12.130000114440918,12.069999694824219,12.34000015258789,12.239999771118164,12.170000076293945,11.930000305175781,11.944999694824219
Low,AMD,78.22000122070312,75.91999816894531,72.75,74.16000366210938,72.5,72.72000122070312,73.41000366210938,74.23999786376953,72.76000213623047,76.25
Low,AMZN,3289.070068359375,3190.0,3127.3701171875,3133.10009765625,3133.0,3183.0,3234.590087890625,3230.3701171875,3184.0,3236.179931640625
Low,APD,290.3500061035156,293.2200012207031,291.0400085449219,292.54998779296875,293.1000061035156,300.4700012207031,299.5899963378906,299.1300048828125,295.3299865722656,296.8999938964844
Low,ARE,176.2100067138672,178.57000732421875,175.89999389648438,172.39999389648438,172.27999877929688,172.83999633789062,172.32000732421875,171.5,171.6199951171875,173.02000427246094
Low,ATVI,93.04000091552734,93.13999938964844,92.94000244140625,92.26000213623047,92.83000183105469,93.05999755859375,91.52999877929688,92.25,92.19999694824219,94.58000183105469
Low,GOOG,2390.0,2334.72998046875,2283.0,2230.050048828125,2242.719970703125,2283.320068359375,2295.0,2303.159912109375,2263.52001953125,2321.090087890625
Low,GOOGL,2346.159912109375,2284.5400390625,2233.919921875,2193.6201171875,2206.719970703125,2250.0,2255.510009765625,2262.18994140625,2225.43994140625,2283.52001953125
Low,LNT,56.13999938964844,57.0,56.38999938964844,55.720001220703125,55.470001220703125,56.75,56.369998931884766,56.88999938964844,57.060001373291016,57.65999984741211
Low,MMM,201.24000549316406,204.05999755859375,202.39999389648438,198.77000427246094,198.38999938964844,203.00999450683594,203.69000244140625,202.80999755859375,199.3300018310547,200.5
Low,MO,49.18000030517578,50.13999938964844,49.880001068115234,49.2599983215332,49.130001068115234,50.22999954223633,50.029998779296875,49.88999938964844,48.939998626708984,49.310001373291016
Open,A,133.19000244140625,133.75999450683594,130.27000427246094,130.33999633789062,129.61000061035156,130.47000122070312,130.83999633789062,129.9499969482422,127.5999984741211,130.61000061035156
Open,AAL,21.399999618530273,22.229999542236328,21.06999969482422,21.360000610351562,20.8799991607666,21.43000030517578,22.31999969482422,23.540000915527344,22.969999313354492,23.174999237060547
Open,AAP,202.89999389648438,204.80999755859375,207.92999267578125,204.75,201.27000427246094,205.75999450683594,203.91000366210938,204.6199951171875,199.02999877929688,194.6999969482422
Open,ABBV,116.37999725341797,116.37999725341797,115.4800033569336,114.8499984741211,115.55000305175781,117.36000061035156,116.7699966430664,116.11000061035156,116.45999908447266,115.33999633789062
Open,ABMD,299.239990234375,296.4100036621094,279.1199951171875,276.5899963378906,274.75,266.2799987792969,266.1199951171875,266.7200012207031,267.44000244140625,276.4100036621094
Open,ABT,119.7699966430664,119.19999694824219,118.86000061035156,117.16999816894531,117.0,117.98999786376953,118.0,116.72000122070312,116.16000366210938,116.55000305175781
Open,ACN,292.20001220703125,290.6199951171875,288.44000244140625,285.2300109863281,281.1199951171875,286.8599853515625,287.6400146484375,285.80999755859375,279.92999267578125,281.70001220703125
Open,ADBE,496.0,487.5400085449219,471.0299987792969,477.19000244140625,478.010009765625,481.6300048828125,487.0299987792969,484.6300048828125,473.0199890136719,483.67999267578125
Open,AEE,85.01000213623047,85.22000122070312,85.83999633789062,83.62000274658203,82.20999908447266,83.72000122070312,83.80999755859375,83.22000122070312,83.87000274658203,84.37000274658203
Open,AEP,87.06999969482422,87.55000305175781,87.58000183105469,86.29000091552734,85.0,86.91999816894531,86.47000122070312,85.87999725341797,85.58999633789062,85.86000061035156
Open,AES,25.56999969482422,25.520000457763672,25.280000686645508,25.18000030517578,24.829999923706055,24.649999618530273,25.139999389648438,25.260000228881836,24.510000228881836,25.0
Open,AFL,55.439998626708984,56.369998931884766,56.22999954223633,55.529998779296875,54.189998626708984,55.77000045776367,56.2599983215332,55.91999816894531,55.459999084472656,55.75
Open,AKAM,110.87999725341797,110.79000091552734,109.33999633789062,110.72000122070312,111.58999633789062,111.5,113.58000183105469,112.66000366210938,111.45999908447266,113.69999694824219
Open,ALB,154.4600067138672,163.38999938964844,155.64999389648438,158.5,158.0500030517578,159.1300048828125,162.5,158.9499969482422,,156.66000366210938
Open,ALGN,586.0800170898438,596.1599731445312,539.9099731445312,553.4199829101562,557.5800170898438,562.5499877929688,562.0999755859375,567.0999755859375,557.4199829101562,575.0
Open,ALK,66.5,68.0,65.30000305175781,65.2300033569336,65.4000015258789,68.08000183105469,69.19999694824219,72.0,69.29000091552734,69.87999725341797
Open,ALL,129.74000549316406,133.0,134.77000427246094,134.9600067138672,132.16000366210938,137.74000549316406,138.75,138.27999877929688,,135.10000610351562
Open,ALLE,140.11000061035156,141.9600067138672,141.64999389648438,139.5500030517578,135.8000030517578,139.58999633789062,139.52999877929688,138.97999572753906,135.52999877929688,138.24000549316406
Open,ALXN,170.0,171.7899932861328,170.92999267578125,172.0,172.05999755859375,173.58999633789062,173.7899932861328,175.0,175.2899932861328,176.11000061035156
Open,AMCR,12.489999771118164,12.569999694824219,12.449999809265137,12.369999885559082,12.119999885559082,12.380000114440918,12.380000114440918,12.239999771118164,12.130000114440918,11.949999809265137
Open,AMD,78.75,78.19999694824219,73.56999969482422,75.08999633789062,75.20999908447266,74.0199966430664,74.22000122070312,74.73999786376953,73.16000366210938,76.80999755859375
Open,AMZN,3319.090087890625,3282.320068359375,3136.280029296875,3185.0,3185.469970703125,3185.56005859375,3245.929931640625,3292.580078125,3195.0,3244.404296875
Open,APD,292.5400085449219,297.489990234375,292.6000061035156,298.42999267578125,293.1400146484375,301.5,301.0,300.8900146484375,297.6700134277344,297.94000244140625
Open,ARE,176.30999755859375,179.6199951171875,178.6999969482422,176.55999755859375,172.67999267578125,172.83999633789062,173.99000549316406,172.36000061035156,173.1300048828125,172.6699981689453
Open,ATVI,93.43000030517578,95.05999755859375,93.66000366210938,94.27999877929688,93.47000122070312,94.4000015258789,92.68000030517578,92.55000305175781,92.2699966430664,94.63999938964844
Open,GOOG,2400.0,2374.889892578125,2291.860107421875,2261.7099609375,2261.090087890625,2291.830078125,2309.320068359375,2336.906005859375,2264.39990234375,2328.0400390625
Open,GOOGL,2363.889892578125,2328.139892578125,2243.070068359375,2226.18994140625,2226.1201171875,2258.5400390625,2263.570068359375,2302.35009765625,2228.429931640625,2291.0
Open,LNT,56.189998626708984,57.2400016784668,57.97999954223633,56.91999816894531,55.689998626708984,57.02000045776367,57.09000015258789,57.59000015258789,57.56999969482422,57.720001220703125
Open,MMM,202.30999755859375,205.0,206.60000610351562,203.58999633789062,198.63999938964844,204.0,204.60000610351562,204.99000549316406,201.91000366210938,201.08999633789062
Open,MO,49.290000915527344,50.20000076293945,50.68000030517578,50.720001220703125,49.16999816894531,50.369998931884766,50.25,50.119998931884766,49.529998779296875,49.400001525878906
Volume,A,1044200.0,1034300.0,1336600.0,1256400.0,805900.0,775100.0,886700.0,1777600.0,1119400.0,995288.0
Volume,AAL,31974500.0,32570000.0,37417800.0,34605300.0,35238700.0,39133600.0,40716100.0,38662400.0,34477600.0,31659109.0
Volume,AAP,392500.0,999600.0,741200.0,735400.0,479300.0,602500.0,825300.0,800800.0,1973200.0,973990.0
Volume,ABBV,6807200.0,7093300.0,5784600.0,6208300.0,6558200.0,6268100.0,6183200.0,8174900.0,6433100.0,5355447.0
Volume,ABMD,183300.0,325100.0,328200.0,266000.0,533600.0,262400.0,205200.0,383700.0,283400.0,187626.0
Volume,ABT,4076600.0,3923200.0,5520800.0,4745500.0,4519500.0,3800500.0,3732400.0,3398400.0,3430400.0,2680572.0
Volume,ACN,1394200.0,1620700.0,1541700.0,2116600.0,1698200.0,1285600.0,1500000.0,1438400.0,1625200.0,2094636.0
Volume,ADBE,1632300.0,1970900.0,2293700.0,2399500.0,1996500.0,1857100.0,1581000.0,1395100.0,2047100.0,1984096.0
Volume,AEE,1198900.0,983600.0,1895000.0,1244200.0,959400.0,759800.0,954600.0,1784100.0,1251800.0,1392236.0
Volume,AEP,2617000.0,4291800.0,6084100.0,3702200.0,3025800.0,2193500.0,4317800.0,3130700.0,2497000.0,2070041.0
Volume,AES,10752300.0,7076800.0,5083900.0,4838700.0,5307700.0,4893000.0,5523100.0,4574900.0,7925100.0,8463414.0
Volume,AFL,2597200.0,3480900.0,3021000.0,3251700.0,2979600.0,2273900.0,2444000.0,2799000.0,3415600.0,2611680.0
Volume,AKAM,1411100.0,1043200.0,1354300.0,2000000.0,1199600.0,1257900.0,1107600.0,1131600.0,1425600.0,972488.0
Volume,ALB,1108300.0,1127000.0,600900.0,1022300.0,681900.0,819600.0,1032500.0,904900.0,,705611.0
Volume,ALGN,694700.0,866500.0,824000.0,651000.0,421000.0,367000.0,369700.0,653300.0,502400.0,417404.0
Volume,ALK,829200.0,814300.0,1279800.0,1809400.0,1592100.0,1453300.0,2057900.0,1457200.0,951800.0,831503.0
Volume,ALL,2104800.0,2377400.0,2307800.0,2117000.0,2217600.0,2518800.0,4020000.0,1764800.0,,1597006.0
Volume,ALLE,674800.0,872700.0,605100.0,796200.0,660200.0,500500.0,360900.0,506500.0,549200.0,420523.0
Volume,ALXN,1372400.0,2374800.0,2370600.0,2051700.0,1340500.0,1417800.0,1373500.0,1473700.0,3881000.0,2045287.0
Volume,AMCR,5196000.0,6742900.0,4750300.0,5478100.0,7088100.0,4264300.0,5526200.0,4336200.0,4885800.0,5033377.0
Volume,AMD,36931700.0,45134500.0,51008200.0,42531400.0,48646800.0,38266300.0,40779200.0,31982500.0,73849200.0,48774978.0
Volume,AMZN,4706800.0,5838600.0,4619800.0,4936400.0,3350900.0,3321400.0,3723900.0,2828400.0,2675900.0,2532762.0
Volume,APD,1214900.0,1245600.0,1217100.0,935500.0,850700.0,698500.0,592500.0,817600.0,800200.0,542347.0
Volume,ARE,816800.0,470400.0,346100.0,708300.0,675400.0,471700.0,547600.0,483000.0,402000.0,378437.0
Volume,ATVI,6511400.0,6067500.0,6530700.0,6176200.0,4741200.0,3655900.0,5175800.0,6263000.0,4213900.0,5922603.0
Volume,GOOG,1163600.0,1300300.0,1605500.0,1746700.0,1333500.0,1330100.0,992100.0,865100.0,966900.0,1145457.0
Volume,GOOGL,1444500.0,1545700.0,1709300.0,2318800.0,1660200.0,1599200.0,1079900.0,1110200.0,1182300.0,1369032.0
Volume,LNT,1722400.0,1640700.0,1577900.0,1237800.0,978800.0,1106600.0,1339600.0,2958400.0,1823700.0,1458776.0
Volume,MMM,1843600.0,3212700.0,2552500.0,2230600.0,1684300.0,1475400.0,1532700.0,1771800.0,2219300.0,1338120.0
Volume,MO,6800100.0,8262300.0,7333700.0,6783500.0,7385100.0,6543700.0,5211700.0,5281600.0,6313400.0,4845601.0
